model,case,observable,block,block_mean
number_conserving,triangle_3x3_U2_0_mu-3.5_b4,density_total,0,0.0695645054835145
number_conserving,triangle_3x3_U2_0_mu-3.5_b4,density_total,1,0.0695645054835145
number_conserving,triangle_3x3_U2_0_mu-3.5_b4,density_total,2,0.0695645054835145
number_conserving,triangle_3x3_U2_0_mu-3.5_b4,density_total,3,0.0695645054835145
number_conserving,triangle_3x3_U2_0_mu-3.5_b4,density_total,4,0.0695645054835145
number_conserving,triangle_3x3_U2_0_mu-3.5_b4,density_total,5,0.0695645054835145
number_conserving,triangle_3x3_U2_0_mu-3.5_b4,density_total,6,0.0695645054835145
number_conserving,triangle_3x3_U2_0_mu-3.5_b4,density_total,7,0.0695645054835145
number_conserving,triangle_3x3_U2_0_mu-3.5_b4,density_total,8,0.0695645054835145
number_conserving,triangle_3x3_U2_0_mu-3.5_b4,density_total,9,0.0695645054835145
number_conserving,triangle_3x3_U2_0_mu-3.5_b4,energy_density,0,-0.208690190332885
number_conserving,triangle_3x3_U2_0_mu-3.5_b4,energy_density,1,-0.208690190332885
number_conserving,triangle_3x3_U2_0_mu-3.5_b4,energy_density,2,-0.208690190332885
number_conserving,triangle_3x3_U2_0_mu-3.5_b4,energy_density,3,-0.208690190332885
number_conserving,triangle_3x3_U2_0_mu-3.5_b4,energy_density,4,-0.208690190332885
number_conserving,triangle_3x3_U2_0_mu-3.5_b4,energy_density,5,-0.208690190332885
number_conserving,triangle_3x3_U2_0_mu-3.5_b4,energy_density,6,-0.208690190332885
number_conserving,triangle_3x3_U2_0_mu-3.5_b4,energy_density,7,-0.208690190332885
number_conserving,triangle_3x3_U2_0_mu-3.5_b4,energy_density,8,-0.208690190332885
number_conserving,triangle_3x3_U2_0_mu-3.5_b4,energy_density,9,-0.208690190332885
number_conserving,triangle_3x3_U2_0_mu-3.5_b4,S_SF_K,0,0.03478169838881506
number_conserving,triangle_3x3_U2_0_mu-3.5_b4,S_SF_K,1,0.03478169838881506
number_conserving,triangle_3x3_U2_0_mu-3.5_b4,S_SF_K,2,0.03478169838881506
number_conserving,triangle_3x3_U2_0_mu-3.5_b4,S_SF_K,3,0.03478169838881506
number_conserving,triangle_3x3_U2_0_mu-3.5_b4,S_SF_K,4,0.03478169838881506
number_conserving,triangle_3x3_U2_0_mu-3.5_b4,S_SF_K,5,0.03478169838881506
number_conserving,triangle_3x3_U2_0_mu-3.5_b4,S_SF_K,6,0.03478169838881506
number_conserving,triangle_3x3_U2_0_mu-3.5_b4,S_SF_K,7,0.03478169838881506
number_conserving,triangle_3x3_U2_0_mu-3.5_b4,S_SF_K,8,0.03478169838881506
number_conserving,triangle_3x3_U2_0_mu-3.5_b4,S_SF_K,9,0.03478169838881506
number_conserving,triangle_3x3_U2_0_mu-3.5_b4,S_DW_K,0,0.008334272769675957
number_conserving,triangle_3x3_U2_0_mu-3.5_b4,S_DW_K,1,0.008334272769675957
number_conserving,triangle_3x3_U2_0_mu-3.5_b4,S_DW_K,2,0.008334272769675957
number_conserving,triangle_3x3_U2_0_mu-3.5_b4,S_DW_K,3,0.008334272769675957
number_conserving,triangle_3x3_U2_0_mu-3.5_b4,S_DW_K,4,0.008334272769675957
number_conserving,triangle_3x3_U2_0_mu-3.5_b4,S_DW_K,5,0.008334272769675957
number_conserving,triangle_3x3_U2_0_mu-3.5_b4,S_DW_K,6,0.008334272769675957
number_conserving,triangle_3x3_U2_0_mu-3.5_b4,S_DW_K,7,0.008334272769675957
number_conserving,triangle_3x3_U2_0_mu-3.5_b4,S_DW_K,8,0.008334272769675957
number_conserving,triangle_3x3_U2_0_mu-3.5_b4,S_DW_K,9,0.008334272769675957
number_conserving,triangle_3x3_U2_0.25_mu-3.5_b4,density_total,0,0.023156094820888064
number_conserving,triangle_3x3_U2_0.25_mu-3.5_b4,density_total,1,0.023010524481838157
number_conserving,triangle_3x3_U2_0.25_mu-3.5_b4,density_total,2,0.02282707720261461
number_conserving,triangle_3x3_U2_0.25_mu-3.5_b4,density_total,3,0.023209247897478226
number_conserving,triangle_3x3_U2_0.25_mu-3.5_b4,density_total,4,0.023066489473808686
number_conserving,triangle_3x3_U2_0.25_mu-3.5_b4,density_total,5,0.023022205130523787
number_conserving,triangle_3x3_U2_0.25_mu-3.5_b4,density_total,6,0.02306419593510694
number_conserving,triangle_3x3_U2_0.25_mu-3.5_b4,density_total,7,0.0232036322943477
number_conserving,triangle_3x3_U2_0.25_mu-3.5_b4,density_total,8,0.023161109517156973
number_conserving,triangle_3x3_U2_0.25_mu-3.5_b4,density_total,9,0.022940301565473414
number_conserving,triangle_3x3_U2_0.25_mu-3.5_b4,energy_density,0,-0.0636828573406185
number_conserving,triangle_3x3_U2_0.25_mu-3.5_b4,energy_density,1,-0.06329026093546494
number_conserving,triangle_3x3_U2_0.25_mu-3.5_b4,energy_density,2,-0.06277961724560101
number_conserving,triangle_3x3_U2_0.25_mu-3.5_b4,energy_density,3,-0.06383938228896979
number_conserving,triangle_3x3_U2_0.25_mu-3.5_b4,energy_density,4,-0.06344987701800692
number_conserving,triangle_3x3_U2_0.25_mu-3.5_b4,energy_density,5,-0.06331881503419062
number_conserving,triangle_3x3_U2_0.25_mu-3.5_b4,energy_density,6,-0.06341995221610068
number_conserving,triangle_3x3_U2_0.25_mu-3.5_b4,energy_density,7,-0.06383045272093761
number_conserving,triangle_3x3_U2_0.25_mu-3.5_b4,energy_density,8,-0.06370029449522716
number_conserving,triangle_3x3_U2_0.25_mu-3.5_b4,energy_density,9,-0.06311236835524514
number_conserving,triangle_3x3_U2_0.25_mu-3.5_b4,S_SF_K,0,0.01157479671794689
number_conserving,triangle_3x3_U2_0.25_mu-3.5_b4,S_SF_K,1,0.011502612080787346
number_conserving,triangle_3x3_U2_0.25_mu-3.5_b4,S_SF_K,2,0.011410297613386624
number_conserving,triangle_3x3_U2_0.25_mu-3.5_b4,S_SF_K,3,0.011603232462225953
number_conserving,triangle_3x3_U2_0.25_mu-3.5_b4,S_SF_K,4,0.01153190484644815
number_conserving,triangle_3x3_U2_0.25_mu-3.5_b4,S_SF_K,5,0.011508284725718985
number_conserving,triangle_3x3_U2_0.25_mu-3.5_b4,S_SF_K,6,0.011527077818477335
number_conserving,triangle_3x3_U2_0.25_mu-3.5_b4,S_SF_K,7,0.011601762067282095
number_conserving,triangle_3x3_U2_0.25_mu-3.5_b4,S_SF_K,8,0.011577708129122906
number_conserving,triangle_3x3_U2_0.25_mu-3.5_b4,S_SF_K,9,0.011470587969669134
number_conserving,triangle_3x3_U2_0.25_mu-3.5_b4,S_DW_K,0,0.00263854168793136
number_conserving,triangle_3x3_U2_0.25_mu-3.5_b4,S_DW_K,1,0.0026226868339556146
number_conserving,triangle_3x3_U2_0.25_mu-3.5_b4,S_DW_K,2,0.002600715081929797
number_conserving,triangle_3x3_U2_0.25_mu-3.5_b4,S_DW_K,3,0.002644579963211048
number_conserving,triangle_3x3_U2_0.25_mu-3.5_b4,S_DW_K,4,0.0026285371596614167
number_conserving,triangle_3x3_U2_0.25_mu-3.5_b4,S_DW_K,5,0.0026232010703035346
number_conserving,triangle_3x3_U2_0.25_mu-3.5_b4,S_DW_K,6,0.0026280928535016295
number_conserving,triangle_3x3_U2_0.25_mu-3.5_b4,S_DW_K,7,0.002644747409867598
number_conserving,triangle_3x3_U2_0.25_mu-3.5_b4,S_DW_K,8,0.002639521613461238
number_conserving,triangle_3x3_U2_0.25_mu-3.5_b4,S_DW_K,9,0.002613868432046002
number_conserving,triangle_3x3_U2_0.5_mu-3.5_b4,density_total,0,0.008495573255307327
number_conserving,triangle_3x3_U2_0.5_mu-3.5_b4,density_total,1,0.008184184977592738
number_conserving,triangle_3x3_U2_0.5_mu-3.5_b4,density_total,2,0.00838370984143311
number_conserving,triangle_3x3_U2_0.5_mu-3.5_b4,density_total,3,0.008530772331502788
number_conserving,triangle_3x3_U2_0.5_mu-3.5_b4,density_total,4,0.008398711139862217
number_conserving,triangle_3x3_U2_0.5_mu-3.5_b4,density_total,5,0.008229824447442467
number_conserving,triangle_3x3_U2_0.5_mu-3.5_b4,density_total,6,0.008330193458354989
number_conserving,triangle_3x3_U2_0.5_mu-3.5_b4,density_total,7,0.008428959381524726
number_conserving,triangle_3x3_U2_0.5_mu-3.5_b4,density_total,8,0.008276512768154175
number_conserving,triangle_3x3_U2_0.5_mu-3.5_b4,density_total,9,0.008358768447397481
number_conserving,triangle_3x3_U2_0.5_mu-3.5_b4,energy_density,0,-0.02126943970117904
number_conserving,triangle_3x3_U2_0.5_mu-3.5_b4,energy_density,1,-0.020494084566524948
number_conserving,triangle_3x3_U2_0.5_mu-3.5_b4,energy_density,2,-0.020989922930001875
number_conserving,triangle_3x3_U2_0.5_mu-3.5_b4,energy_density,3,-0.021332597490285262
number_conserving,triangle_3x3_U2_0.5_mu-3.5_b4,energy_density,4,-0.02100786569012142
number_conserving,triangle_3x3_U2_0.5_mu-3.5_b4,energy_density,5,-0.02060321245536999
number_conserving,triangle_3x3_U2_0.5_mu-3.5_b4,energy_density,6,-0.020844432615302954
number_conserving,triangle_3x3_U2_0.5_mu-3.5_b4,energy_density,7,-0.02108504065180655
number_conserving,triangle_3x3_U2_0.5_mu-3.5_b4,energy_density,8,-0.02072256592724536
number_conserving,triangle_3x3_U2_0.5_mu-3.5_b4,energy_density,9,-0.02092536484257575
number_conserving,triangle_3x3_U2_0.5_mu-3.5_b4,S_SF_K,0,0.004247502909303307
number_conserving,triangle_3x3_U2_0.5_mu-3.5_b4,S_SF_K,1,0.004092143428167208
number_conserving,triangle_3x3_U2_0.5_mu-3.5_b4,S_SF_K,2,0.004191586077772449
number_conserving,triangle_3x3_U2_0.5_mu-3.5_b4,S_SF_K,3,0.004260959660312881
number_conserving,triangle_3x3_U2_0.5_mu-3.5_b4,S_SF_K,4,0.004195408817861762
number_conserving,triangle_3x3_U2_0.5_mu-3.5_b4,S_SF_K,5,0.004113879689151265
number_conserving,triangle_3x3_U2_0.5_mu-3.5_b4,S_SF_K,6,0.004162813465020215
number_conserving,triangle_3x3_U2_0.5_mu-3.5_b4,S_SF_K,7,0.004211369053248337
number_conserving,triangle_3x3_U2_0.5_mu-3.5_b4,S_SF_K,8,0.004137803448316644
number_conserving,triangle_3x3_U2_0.5_mu-3.5_b4,S_SF_K,9,0.004178581870889809
number_conserving,triangle_3x3_U2_0.5_mu-3.5_b4,S_DW_K,0,0.0009568970636909071
number_conserving,triangle_3x3_U2_0.5_mu-3.5_b4,S_DW_K,1,0.0009214908391777684
number_conserving,triangle_3x3_U2_0.5_mu-3.5_b4,S_DW_K,2,0.0009438196078422018
number_conserving,triangle_3x3_U2_0.5_mu-3.5_b4,S_DW_K,3,0.0009604455006730201
number_conserving,triangle_3x3_U2_0.5_mu-3.5_b4,S_DW_K,4,0.0009458627262649461
number_conserving,triangle_3x3_U2_0.5_mu-3.5_b4,S_DW_K,5,0.0009267939120441174
number_conserving,triangle_3x3_U2_0.5_mu-3.5_b4,S_DW_K,6,0.0009379628396384382
number_conserving,triangle_3x3_U2_0.5_mu-3.5_b4,S_DW_K,7,0.0009489266864715137
number_conserving,triangle_3x3_U2_0.5_mu-3.5_b4,S_DW_K,8,0.0009318892560128932
number_conserving,triangle_3x3_U2_0.5_mu-3.5_b4,S_DW_K,9,0.0009412832810150414
number_conserving,triangle_3x3_U2_0.75_mu-3.5_b4,density_total,0,0.0030779279358649297
number_conserving,triangle_3x3_U2_0.75_mu-3.5_b4,density_total,1,0.003032963455206574
number_conserving,triangle_3x3_U2_0.75_mu-3.5_b4,density_total,2,0.002937421369151568
number_conserving,triangle_3x3_U2_0.75_mu-3.5_b4,density_total,3,0.0030498348370435998
number_conserving,triangle_3x3_U2_0.75_mu-3.5_b4,density_total,4,0.0030401173022147534
number_conserving,triangle_3x3_U2_0.75_mu-3.5_b4,density_total,5,0.0030498131307782612
number_conserving,triangle_3x3_U2_0.75_mu-3.5_b4,density_total,6,0.0030253523524914295
number_conserving,triangle_3x3_U2_0.75_mu-3.5_b4,density_total,7,0.00306552629106875
number_conserving,triangle_3x3_U2_0.75_mu-3.5_b4,density_total,8,0.0030551336652596787
number_conserving,triangle_3x3_U2_0.75_mu-3.5_b4,density_total,9,0.002963840681909667
number_conserving,triangle_3x3_U2_0.75_mu-3.5_b4,energy_density,0,-0.006932156001505608
number_conserving,triangle_3x3_U2_0.75_mu-3.5_b4,energy_density,1,-0.006838650622568103
number_conserving,triangle_3x3_U2_0.75_mu-3.5_b4,energy_density,2,-0.006621576386991129
number_conserving,triangle_3x3_U2_0.75_mu-3.5_b4,energy_density,3,-0.00687933021714737
number_conserving,triangle_3x3_U2_0.75_mu-3.5_b4,energy_density,4,-0.006848945427382207
number_conserving,triangle_3x3_U2_0.75_mu-3.5_b4,energy_density,5,-0.006868711513747697
number_conserving,triangle_3x3_U2_0.75_mu-3.5_b4,energy_density,6,-0.006808540310550957
number_conserving,triangle_3x3_U2_0.75_mu-3.5_b4,energy_density,7,-0.00691715147553026
number_conserving,triangle_3x3_U2_0.75_mu-3.5_b4,energy_density,8,-0.006883342370496207
number_conserving,triangle_3x3_U2_0.75_mu-3.5_b4,energy_density,9,-0.0066849129538500305
number_conserving,triangle_3x3_U2_0.75_mu-3.5_b4,S_SF_K,0,0.001537391960278758
number_conserving,triangle_3x3_U2_0.75_mu-3.5_b4,S_SF_K,1,0.0015160538168080973
number_conserving,triangle_3x3_U2_0.75_mu-3.5_b4,S_SF_K,2,0.0014681577417655137
number_conserving,triangle_3x3_U2_0.75_mu-3.5_b4,S_SF_K,3,0.001525240710816639
number_conserving,triangle_3x3_U2_0.75_mu-3.5_b4,S_SF_K,4,0.0015189494922301235
number_conserving,triangle_3x3_U2_0.75_mu-3.5_b4,S_SF_K,5,0.0015234127083626416
number_conserving,triangle_3x3_U2_0.75_mu-3.5_b4,S_SF_K,6,0.001510404535610294
number_conserving,triangle_3x3_U2_0.75_mu-3.5_b4,S_SF_K,7,0.0015335896026000902
number_conserving,triangle_3x3_U2_0.75_mu-3.5_b4,S_SF_K,8,0.0015263281747341312
number_conserving,triangle_3x3_U2_0.75_mu-3.5_b4,S_SF_K,9,0.0014820813929772327
number_conserving,triangle_3x3_U2_0.75_mu-3.5_b4,S_DW_K,0,0.00034497059927427316
number_conserving,triangle_3x3_U2_0.75_mu-3.5_b4,S_DW_K,1,0.0003400021730262898
number_conserving,triangle_3x3_U2_0.75_mu-3.5_b4,S_DW_K,2,0.00032927466589866385
number_conserving,triangle_3x3_U2_0.75_mu-3.5_b4,S_DW_K,3,0.00034174075074313854
number_conserving,triangle_3x3_U2_0.75_mu-3.5_b4,S_DW_K,4,0.00034083655318258303
number_conserving,triangle_3x3_U2_0.75_mu-3.5_b4,S_DW_K,5,0.0003418577542068085
number_conserving,triangle_3x3_U2_0.75_mu-3.5_b4,S_DW_K,6,0.00033914675776881533
number_conserving,triangle_3x3_U2_0.75_mu-3.5_b4,S_DW_K,7,0.00034360682945177716
number_conserving,triangle_3x3_U2_0.75_mu-3.5_b4,S_DW_K,8,0.0003424498957013182
number_conserving,triangle_3x3_U2_0.75_mu-3.5_b4,S_DW_K,9,0.00033220858248068794
number_conserving,triangle_3x3_U2_1_mu-3.5_b4,density_total,0,0.0011740763672117975
number_conserving,triangle_3x3_U2_1_mu-3.5_b4,density_total,1,0.0010745742660700699
number_conserving,triangle_3x3_U2_1_mu-3.5_b4,density_total,2,0.00112948692919206
number_conserving,triangle_3x3_U2_1_mu-3.5_b4,density_total,3,0.0011752391701339128
number_conserving,triangle_3x3_U2_1_mu-3.5_b4,density_total,4,0.0011246913357611222
number_conserving,triangle_3x3_U2_1_mu-3.5_b4,density_total,5,0.001085625665100462
number_conserving,triangle_3x3_U2_1_mu-3.5_b4,density_total,6,0.001107194806718683
number_conserving,triangle_3x3_U2_1_mu-3.5_b4,density_total,7,0.0011542758665245383
number_conserving,triangle_3x3_U2_1_mu-3.5_b4,density_total,8,0.0010909184760663035
number_conserving,triangle_3x3_U2_1_mu-3.5_b4,density_total,9,0.001114045412317013
number_conserving,triangle_3x3_U2_1_mu-3.5_b4,energy_density,0,-0.0023522384431126442
number_conserving,triangle_3x3_U2_1_mu-3.5_b4,energy_density,1,-0.0021563463597878887
number_conserving,triangle_3x3_U2_1_mu-3.5_b4,energy_density,2,-0.002264906709196187
number_conserving,triangle_3x3_U2_1_mu-3.5_b4,energy_density,3,-0.002348630351848103
number_conserving,triangle_3x3_U2_1_mu-3.5_b4,energy_density,4,-0.0022485085017436247
number_conserving,triangle_3x3_U2_1_mu-3.5_b4,energy_density,5,-0.0021784369243159985
number_conserving,triangle_3x3_U2_1_mu-3.5_b4,energy_density,6,-0.0022164403491428315
number_conserving,triangle_3x3_U2_1_mu-3.5_b4,energy_density,7,-0.0023062226755624403
number_conserving,triangle_3x3_U2_1_mu-3.5_b4,energy_density,8,-0.002190913591656254
number_conserving,triangle_3x3_U2_1_mu-3.5_b4,energy_density,9,-0.0022358546944060585
number_conserving,triangle_3x3_U2_1_mu-3.5_b4,S_SF_K,0,0.0005867509583712162
number_conserving,triangle_3x3_U2_1_mu-3.5_b4,S_SF_K,1,0.0005375571674126719
number_conserving,triangle_3x3_U2_1_mu-3.5_b4,S_SF_K,2,0.0005647135192885017
number_conserving,triangle_3x3_U2_1_mu-3.5_b4,S_SF_K,3,0.0005863310371292824
number_conserving,triangle_3x3_U2_1_mu-3.5_b4,S_SF_K,4,0.0005610750683413864
number_conserving,triangle_3x3_U2_1_mu-3.5_b4,S_SF_K,5,0.0005428696456140262
number_conserving,triangle_3x3_U2_1_mu-3.5_b4,S_SF_K,6,0.0005529218983071592
number_conserving,triangle_3x3_U2_1_mu-3.5_b4,S_SF_K,7,0.0005758236618245977
number_conserving,triangle_3x3_U2_1_mu-3.5_b4,S_SF_K,8,0.0005458915271266972
number_conserving,triangle_3x3_U2_1_mu-3.5_b4,S_SF_K,9,0.0005572266668769122
number_conserving,triangle_3x3_U2_1_mu-3.5_b4,S_DW_K,0,0.00013132231858826096
number_conserving,triangle_3x3_U2_1_mu-3.5_b4,S_DW_K,1,0.00012020934774835572
number_conserving,triangle_3x3_U2_1_mu-3.5_b4,S_DW_K,2,0.0001263187161444642
number_conserving,triangle_3x3_U2_1_mu-3.5_b4,S_DW_K,3,0.0001314284121360559
number_conserving,triangle_3x3_U2_1_mu-3.5_b4,S_DW_K,4,0.00012581635332312854
number_conserving,triangle_3x3_U2_1_mu-3.5_b4,S_DW_K,5,0.00012145785007089456
number_conserving,triangle_3x3_U2_1_mu-3.5_b4,S_DW_K,6,0.00012384770782188147
number_conserving,triangle_3x3_U2_1_mu-3.5_b4,S_DW_K,7,0.00012906865945795396
number_conserving,triangle_3x3_U2_1_mu-3.5_b4,S_DW_K,8,0.00012202590105977604
number_conserving,triangle_3x3_U2_1_mu-3.5_b4,S_DW_K,9,0.00012462237563795394
number_conserving,triangle_3x3_U2_1.25_mu-3.5_b4,density_total,0,0.00041646266340523736
number_conserving,triangle_3x3_U2_1.25_mu-3.5_b4,density_total,1,0.0004049416984788023
number_conserving,triangle_3x3_U2_1.25_mu-3.5_b4,density_total,2,0.0003843267651687727
number_conserving,triangle_3x3_U2_1.25_mu-3.5_b4,density_total,3,0.0004009159115963544
number_conserving,triangle_3x3_U2_1.25_mu-3.5_b4,density_total,4,0.000412663595033565
number_conserving,triangle_3x3_U2_1.25_mu-3.5_b4,density_total,5,0.00041158419398102514
number_conserving,triangle_3x3_U2_1.25_mu-3.5_b4,density_total,6,0.00040685017009662336
number_conserving,triangle_3x3_U2_1.25_mu-3.5_b4,density_total,7,0.0004099551946761305
number_conserving,triangle_3x3_U2_1.25_mu-3.5_b4,density_total,8,0.00041391851594054093
number_conserving,triangle_3x3_U2_1.25_mu-3.5_b4,density_total,9,0.0003926522562947614
number_conserving,triangle_3x3_U2_1.25_mu-3.5_b4,energy_density,0,-0.0007298072627267065
number_conserving,triangle_3x3_U2_1.25_mu-3.5_b4,energy_density,1,-0.0007111103487828629
number_conserving,triangle_3x3_U2_1.25_mu-3.5_b4,energy_density,2,-0.0006749294104588925
number_conserving,triangle_3x3_U2_1.25_mu-3.5_b4,energy_density,3,-0.0007049671441859418
number_conserving,triangle_3x3_U2_1.25_mu-3.5_b4,energy_density,4,-0.0007212960452667535
number_conserving,triangle_3x3_U2_1.25_mu-3.5_b4,energy_density,5,-0.0007200202421305187
number_conserving,triangle_3x3_U2_1.25_mu-3.5_b4,energy_density,6,-0.0007101352644986838
number_conserving,triangle_3x3_U2_1.25_mu-3.5_b4,energy_density,7,-0.0007215894299402578
number_conserving,triangle_3x3_U2_1.25_mu-3.5_b4,energy_density,8,-0.0007255188404488024
number_conserving,triangle_3x3_U2_1.25_mu-3.5_b4,energy_density,9,-0.0006880686025697701
number_conserving,triangle_3x3_U2_1.25_mu-3.5_b4,S_SF_K,0,0.00020798531741274124
number_conserving,triangle_3x3_U2_1.25_mu-3.5_b4,S_SF_K,1,0.000202456949500444
number_conserving,triangle_3x3_U2_1.25_mu-3.5_b4,S_SF_K,2,0.00019216587325743368
number_conserving,triangle_3x3_U2_1.25_mu-3.5_b4,S_SF_K,3,0.0002006861773188219
number_conserving,triangle_3x3_U2_1.25_mu-3.5_b4,S_SF_K,4,0.0002058875506289195
number_conserving,triangle_3x3_U2_1.25_mu-3.5_b4,S_SF_K,5,0.00020536846277385381
number_conserving,triangle_3x3_U2_1.25_mu-3.5_b4,S_SF_K,6,0.00020279318402133514
number_conserving,triangle_3x3_U2_1.25_mu-3.5_b4,S_SF_K,7,0.00020531449533498923
number_conserving,triangle_3x3_U2_1.25_mu-3.5_b4,S_SF_K,8,0.0002066944926976652
number_conserving,triangle_3x3_U2_1.25_mu-3.5_b4,S_SF_K,9,0.00019611032607869507
number_conserving,triangle_3x3_U2_1.25_mu-3.5_b4,S_DW_K,0,4.652122384931732e-05
number_conserving,triangle_3x3_U2_1.25_mu-3.5_b4,S_DW_K,1,4.5243111547220313e-05
number_conserving,triangle_3x3_U2_1.25_mu-3.5_b4,S_DW_K,2,4.293608682433405e-05
number_conserving,triangle_3x3_U2_1.25_mu-3.5_b4,S_DW_K,3,4.478481949851767e-05
number_conserving,triangle_3x3_U2_1.25_mu-3.5_b4,S_DW_K,4,4.610568743248394e-05
number_conserving,triangle_3x3_U2_1.25_mu-3.5_b4,S_DW_K,5,4.5982010669691274e-05
number_conserving,triangle_3x3_U2_1.25_mu-3.5_b4,S_DW_K,6,4.545159234919067e-05
number_conserving,triangle_3x3_U2_1.25_mu-3.5_b4,S_DW_K,7,4.5796287099209545e-05
number_conserving,triangle_3x3_U2_1.25_mu-3.5_b4,S_DW_K,8,4.6238378225867035e-05
number_conserving,triangle_3x3_U2_1.25_mu-3.5_b4,S_DW_K,9,4.386683581866802e-05
number_conserving,triangle_3x3_U2_1.5_mu-3.5_b4,density_total,0,0.00016737379750812606
number_conserving,triangle_3x3_U2_1.5_mu-3.5_b4,density_total,1,0.00014137652550262977
number_conserving,triangle_3x3_U2_1.5_mu-3.5_b4,density_total,2,0.00015331830123372115
number_conserving,triangle_3x3_U2_1.5_mu-3.5_b4,density_total,3,0.00016375942881415145
number_conserving,triangle_3x3_U2_1.5_mu-3.5_b4,density_total,4,0.0001479931947809128
number_conserving,triangle_3x3_U2_1.5_mu-3.5_b4,density_total,5,0.0001450584847815087
number_conserving,triangle_3x3_U2_1.5_mu-3.5_b4,density_total,6,0.0001472493879927365
number_conserving,triangle_3x3_U2_1.5_mu-3.5_b4,density_total,7,0.00016101627090255103
number_conserving,triangle_3x3_U2_1.5_mu-3.5_b4,density_total,8,0.0001448747949215916
number_conserving,triangle_3x3_U2_1.5_mu-3.5_b4,density_total,9,0.0001524603147681349
number_conserving,triangle_3x3_U2_1.5_mu-3.5_b4,energy_density,0,-0.00024969302695684127
number_conserving,triangle_3x3_U2_1.5_mu-3.5_b4,energy_density,1,-0.00021253924778661277
number_conserving,triangle_3x3_U2_1.5_mu-3.5_b4,energy_density,2,-0.00023050596486743897
number_conserving,triangle_3x3_U2_1.5_mu-3.5_b4,energy_density,3,-0.0002449908110577432
number_conserving,triangle_3x3_U2_1.5_mu-3.5_b4,energy_density,4,-0.0002215377235802003
number_conserving,triangle_3x3_U2_1.5_mu-3.5_b4,energy_density,5,-0.00021784975700593257
number_conserving,triangle_3x3_U2_1.5_mu-3.5_b4,energy_density,6,-0.00022157302497324775
number_conserving,triangle_3x3_U2_1.5_mu-3.5_b4,energy_density,7,-0.0002394699181140167
number_conserving,triangle_3x3_U2_1.5_mu-3.5_b4,energy_density,8,-0.00022004353524134285
number_conserving,triangle_3x3_U2_1.5_mu-3.5_b4,energy_density,9,-0.00022965085914863627
number_conserving,triangle_3x3_U2_1.5_mu-3.5_b4,S_SF_K,0,8.334391651174973e-05
number_conserving,triangle_3x3_U2_1.5_mu-3.5_b4,S_SF_K,1,7.065752126079805e-05
number_conserving,triangle_3x3_U2_1.5_mu-3.5_b4,S_SF_K,2,7.660894610312595e-05
number_conserving,triangle_3x3_U2_1.5_mu-3.5_b4,S_SF_K,3,8.164533376964038e-05
number_conserving,triangle_3x3_U2_1.5_mu-3.5_b4,S_SF_K,4,7.374506687505315e-05
number_conserving,triangle_3x3_U2_1.5_mu-3.5_b4,S_SF_K,5,7.242148907428914e-05
number_conserving,triangle_3x3_U2_1.5_mu-3.5_b4,S_SF_K,6,7.357737285491229e-05
number_conserving,triangle_3x3_U2_1.5_mu-3.5_b4,S_SF_K,7,8.002282673335825e-05
number_conserving,triangle_3x3_U2_1.5_mu-3.5_b4,S_SF_K,8,7.271232257255735e-05
number_conserving,triangle_3x3_U2_1.5_mu-3.5_b4,S_SF_K,9,7.62284870053968e-05
number_conserving,triangle_3x3_U2_1.5_mu-3.5_b4,S_DW_K,0,1.8680400092443544e-05
number_conserving,triangle_3x3_U2_1.5_mu-3.5_b4,S_DW_K,1,1.5785415715498282e-05
number_conserving,triangle_3x3_U2_1.5_mu-3.5_b4,S_DW_K,2,1.7115517533083596e-05
number_conserving,triangle_3x3_U2_1.5_mu-3.5_b4,S_DW_K,3,1.827810998056486e-05
number_conserving,triangle_3x3_U2_1.5_mu-3.5_b4,S_DW_K,4,1.6523921885620963e-05
number_conserving,triangle_3x3_U2_1.5_mu-3.5_b4,S_DW_K,5,1.6198065840809845e-05
number_conserving,triangle_3x3_U2_1.5_mu-3.5_b4,S_DW_K,6,1.6439531421152414e-05
number_conserving,triangle_3x3_U2_1.5_mu-3.5_b4,S_DW_K,7,1.79689575651614e-05
number_conserving,triangle_3x3_U2_1.5_mu-3.5_b4,S_DW_K,8,1.617375271514148e-05
number_conserving,triangle_3x3_U2_1.5_mu-3.5_b4,S_DW_K,9,1.7019390569431025e-05
number_conserving,triangle_3x3_U2_2_mu-3.5_b4,density_total,0,2.5461716511793886e-05
number_conserving,triangle_3x3_U2_2_mu-3.5_b4,density_total,1,1.859610295349641e-05
number_conserving,triangle_3x3_U2_2_mu-3.5_b4,density_total,2,2.106221329586116e-05
number_conserving,triangle_3x3_U2_2_mu-3.5_b4,density_total,3,2.3965812818129177e-05
number_conserving,triangle_3x3_U2_2_mu-3.5_b4,density_total,4,1.9889759177583885e-05
number_conserving,triangle_3x3_U2_2_mu-3.5_b4,density_total,5,1.9150052636093497e-05
number_conserving,triangle_3x3_U2_2_mu-3.5_b4,density_total,6,1.967061610544874e-05
number_conserving,triangle_3x3_U2_2_mu-3.5_b4,density_total,7,2.2538480202611965e-05
number_conserving,triangle_3x3_U2_2_mu-3.5_b4,density_total,8,1.908604778802574e-05
number_conserving,triangle_3x3_U2_2_mu-3.5_b4,density_total,9,2.1335558254185065e-05
number_conserving,triangle_3x3_U2_2_mu-3.5_b4,energy_density,0,-2.434217122494271e-05
number_conserving,triangle_3x3_U2_2_mu-3.5_b4,energy_density,1,-1.8531115449342085e-05
number_conserving,triangle_3x3_U2_2_mu-3.5_b4,energy_density,2,-2.073837399222018e-05
number_conserving,triangle_3x3_U2_2_mu-3.5_b4,energy_density,3,-2.3862002876817792e-05
number_conserving,triangle_3x3_U2_2_mu-3.5_b4,energy_density,4,-1.9572902390383898e-05
number_conserving,triangle_3x3_U2_2_mu-3.5_b4,energy_density,5,-1.9009844493521598e-05
number_conserving,triangle_3x3_U2_2_mu-3.5_b4,energy_density,6,-2.046403979401456e-05
number_conserving,triangle_3x3_U2_2_mu-3.5_b4,energy_density,7,-2.202347273469516e-05
number_conserving,triangle_3x3_U2_2_mu-3.5_b4,energy_density,8,-1.996585070289928e-05
number_conserving,triangle_3x3_U2_2_mu-3.5_b4,energy_density,9,-2.085395776210783e-05
number_conserving,triangle_3x3_U2_2_mu-3.5_b4,S_SF_K,0,1.2532332676253524e-05
number_conserving,triangle_3x3_U2_2_mu-3.5_b4,S_SF_K,1,9.276579264113116e-06
number_conserving,triangle_3x3_U2_2_mu-3.5_b4,S_SF_K,2,1.0459831270009632e-05
number_conserving,triangle_3x3_U2_2_mu-3.5_b4,S_SF_K,3,1.194428513799009e-05
number_conserving,triangle_3x3_U2_2_mu-3.5_b4,S_SF_K,4,9.859197292841864e-06
number_conserving,triangle_3x3_U2_2_mu-3.5_b4,S_SF_K,5,9.528816248814197e-06
number_conserving,triangle_3x3_U2_2_mu-3.5_b4,S_SF_K,6,9.923539883896547e-06
number_conserving,triangle_3x3_U2_2_mu-3.5_b4,S_SF_K,7,1.1155179513277416e-05
number_conserving,triangle_3x3_U2_2_mu-3.5_b4,S_SF_K,8,9.65155151263806e-06
number_conserving,triangle_3x3_U2_2_mu-3.5_b4,S_SF_K,9,1.0552380042910768e-05
number_conserving,triangle_3x3_U2_2_mu-3.5_b4,S_DW_K,0,2.8400463936428844e-06
number_conserving,triangle_3x3_U2_2_mu-3.5_b4,S_DW_K,1,2.0763828839121355e-06
number_conserving,triangle_3x3_U2_2_mu-3.5_b4,S_DW_K,2,2.3506527747540336e-06
number_conserving,triangle_3x3_U2_2_mu-3.5_b4,S_DW_K,3,2.6739192680017567e-06
number_conserving,triangle_3x3_U2_2_mu-3.5_b4,S_DW_K,4,2.2204891874513606e-06
number_conserving,triangle_3x3_U2_2_mu-3.5_b4,S_DW_K,5,2.1382930439791783e-06
number_conserving,triangle_3x3_U2_2_mu-3.5_b4,S_DW_K,6,2.196142905892492e-06
number_conserving,triangle_3x3_U2_2_mu-3.5_b4,S_DW_K,7,2.5146692292685365e-06
number_conserving,triangle_3x3_U2_2_mu-3.5_b4,S_DW_K,8,2.130731789177292e-06
number_conserving,triangle_3x3_U2_2_mu-3.5_b4,S_DW_K,9,2.3812414335917025e-06
number_conserving,triangle_3x3_U1_-0.6_mu-7_b1,density_total,0,0.0063750736161505015
number_conserving,triangle_3x3_U1_-0.6_mu-7_b1,density_total,1,0.006528827082155694
number_conserving,triangle_3x3_U1_-0.6_mu-7_b1,density_total,2,0.0064094299565788364
number_conserving,triangle_3x3_U1_-0.6_mu-7_b1,density_total,3,0.006769532503948961
number_conserving,triangle_3x3_U1_-0.6_mu-7_b1,density_total,4,0.006484996667817251
number_conserving,triangle_3x3_U1_-0.6_mu-7_b1,density_total,5,0.006358534150105386
number_conserving,triangle_3x3_U1_-0.6_mu-7_b1,density_total,6,0.0066584782015792114
number_conserving,triangle_3x3_U1_-0.6_mu-7_b1,density_total,7,0.006471759151842714
number_conserving,triangle_3x3_U1_-0.6_mu-7_b1,density_total,8,0.006375893681040542
number_conserving,triangle_3x3_U1_-0.6_mu-7_b1,density_total,9,0.006541229873971414
number_conserving,triangle_3x3_U1_-0.6_mu-7_b1,energy_density,0,-0.014271833095833813
number_conserving,triangle_3x3_U1_-0.6_mu-7_b1,energy_density,1,-0.014588338867694759
number_conserving,triangle_3x3_U1_-0.6_mu-7_b1,energy_density,2,-0.014319365190060244
number_conserving,triangle_3x3_U1_-0.6_mu-7_b1,energy_density,3,-0.015016534483486825
number_conserving,triangle_3x3_U1_-0.6_mu-7_b1,energy_density,4,-0.014554051178382488
number_conserving,triangle_3x3_U1_-0.6_mu-7_b1,energy_density,5,-0.014325293747954401
number_conserving,triangle_3x3_U1_-0.6_mu-7_b1,energy_density,6,-0.014739767762889218
number_conserving,triangle_3x3_U1_-0.6_mu-7_b1,energy_density,7,-0.014443825077779145
number_conserving,triangle_3x3_U1_-0.6_mu-7_b1,energy_density,8,-0.014225897912723724
number_conserving,triangle_3x3_U1_-0.6_mu-7_b1,energy_density,9,-0.01462784201933444
number_conserving,triangle_3x3_U1_-0.6_mu-7_b1,S_SF_K,0,0.0027687220879669796
number_conserving,triangle_3x3_U1_-0.6_mu-7_b1,S_SF_K,1,0.002824885876168056
number_conserving,triangle_3x3_U1_-0.6_mu-7_b1,S_SF_K,2,0.0027740938450408837
number_conserving,triangle_3x3_U1_-0.6_mu-7_b1,S_SF_K,3,0.0029152129674183355
number_conserving,triangle_3x3_U1_-0.6_mu-7_b1,S_SF_K,4,0.002821574378510153
number_conserving,triangle_3x3_U1_-0.6_mu-7_b1,S_SF_K,5,0.002775882720681919
number_conserving,triangle_3x3_U1_-0.6_mu-7_b1,S_SF_K,6,0.002866316299684182
number_conserving,triangle_3x3_U1_-0.6_mu-7_b1,S_SF_K,7,0.0028036883148811124
number_conserving,triangle_3x3_U1_-0.6_mu-7_b1,S_SF_K,8,0.0027605656969980734
number_conserving,triangle_3x3_U1_-0.6_mu-7_b1,S_SF_K,9,0.0028377128095800085
number_conserving,triangle_3x3_U1_-0.6_mu-7_b1,S_DW_K,0,0.0007240577024683071
number_conserving,triangle_3x3_U1_-0.6_mu-7_b1,S_DW_K,1,0.0007414660321705125
number_conserving,triangle_3x3_U1_-0.6_mu-7_b1,S_DW_K,2,0.0007306678869337416
number_conserving,triangle_3x3_U1_-0.6_mu-7_b1,S_DW_K,3,0.0007702426999106887
number_conserving,triangle_3x3_U1_-0.6_mu-7_b1,S_DW_K,4,0.0007364187699386178
number_conserving,triangle_3x3_U1_-0.6_mu-7_b1,S_DW_K,5,0.0007220331132594247
number_conserving,triangle_3x3_U1_-0.6_mu-7_b1,S_DW_K,6,0.000757713249801249
number_conserving,triangle_3x3_U1_-0.6_mu-7_b1,S_DW_K,7,0.0007345522846565478
number_conserving,triangle_3x3_U1_-0.6_mu-7_b1,S_DW_K,8,0.0007241597887169254
number_conserving,triangle_3x3_U1_-0.6_mu-7_b1,S_DW_K,9,0.0007430125003440455
number_conserving,triangle_3x3_U1_-0.5_mu-7_b1,density_total,0,0.005738775516520785
number_conserving,triangle_3x3_U1_-0.5_mu-7_b1,density_total,1,0.005842496858656898
number_conserving,triangle_3x3_U1_-0.5_mu-7_b1,density_total,2,0.005754896855863552
number_conserving,triangle_3x3_U1_-0.5_mu-7_b1,density_total,3,0.006056294355234728
number_conserving,triangle_3x3_U1_-0.5_mu-7_b1,density_total,4,0.0058247042845924095
number_conserving,triangle_3x3_U1_-0.5_mu-7_b1,density_total,5,0.005747213071801688
number_conserving,triangle_3x3_U1_-0.5_mu-7_b1,density_total,6,0.005975702185025693
number_conserving,triangle_3x3_U1_-0.5_mu-7_b1,density_total,7,0.005793417262580311
number_conserving,triangle_3x3_U1_-0.5_mu-7_b1,density_total,8,0.0057506729562856
number_conserving,triangle_3x3_U1_-0.5_mu-7_b1,density_total,9,0.005924970822822543
number_conserving,triangle_3x3_U1_-0.5_mu-7_b1,energy_density,0,-0.012240102339188624
number_conserving,triangle_3x3_U1_-0.5_mu-7_b1,energy_density,1,-0.012428341916459338
number_conserving,triangle_3x3_U1_-0.5_mu-7_b1,energy_density,2,-0.01223673131040955
number_conserving,triangle_3x3_U1_-0.5_mu-7_b1,energy_density,3,-0.0127907045730115
number_conserving,triangle_3x3_U1_-0.5_mu-7_b1,energy_density,4,-0.012448729120457143
number_conserving,triangle_3x3_U1_-0.5_mu-7_b1,energy_density,5,-0.01233201131027016
number_conserving,triangle_3x3_U1_-0.5_mu-7_b1,energy_density,6,-0.012603033103512058
number_conserving,triangle_3x3_U1_-0.5_mu-7_b1,energy_density,7,-0.012334918350440694
number_conserving,triangle_3x3_U1_-0.5_mu-7_b1,energy_density,8,-0.012226692656665856
number_conserving,triangle_3x3_U1_-0.5_mu-7_b1,energy_density,9,-0.012598722920826831
number_conserving,triangle_3x3_U1_-0.5_mu-7_b1,S_SF_K,0,0.0024961555213902347
number_conserving,triangle_3x3_U1_-0.5_mu-7_b1,S_SF_K,1,0.0025319414992235516
number_conserving,triangle_3x3_U1_-0.5_mu-7_b1,S_SF_K,2,0.002495008193524126
number_conserving,triangle_3x3_U1_-0.5_mu-7_b1,S_SF_K,3,0.0026125660356826645
number_conserving,triangle_3x3_U1_-0.5_mu-7_b1,S_SF_K,4,0.0025365472469548807
number_conserving,triangle_3x3_U1_-0.5_mu-7_b1,S_SF_K,5,0.0025115016193816013
number_conserving,triangle_3x3_U1_-0.5_mu-7_b1,S_SF_K,6,0.002577334526900362
number_conserving,triangle_3x3_U1_-0.5_mu-7_b1,S_SF_K,7,0.002516213379850323
number_conserving,triangle_3x3_U1_-0.5_mu-7_b1,S_SF_K,8,0.0024939277689290397
number_conserving,triangle_3x3_U1_-0.5_mu-7_b1,S_SF_K,9,0.0025703949056260123
number_conserving,triangle_3x3_U1_-0.5_mu-7_b1,S_DW_K,0,0.0006481019524796448
number_conserving,triangle_3x3_U1_-0.5_mu-7_b1,S_DW_K,1,0.0006596880286480787
number_conserving,triangle_3x3_U1_-0.5_mu-7_b1,S_DW_K,2,0.0006511472095257773
number_conserving,triangle_3x3_U1_-0.5_mu-7_b1,S_DW_K,3,0.0006849040245481513
number_conserving,triangle_3x3_U1_-0.5_mu-7_b1,S_DW_K,4,0.0006579759985318723
number_conserving,triangle_3x3_U1_-0.5_mu-7_b1,S_DW_K,5,0.000648756922728495
number_conserving,triangle_3x3_U1_-0.5_mu-7_b1,S_DW_K,6,0.0006758104923907753
number_conserving,triangle_3x3_U1_-0.5_mu-7_b1,S_DW_K,7,0.0006542003758112424
number_conserving,triangle_3x3_U1_-0.5_mu-7_b1,S_DW_K,8,0.0006496245345431125
number_conserving,triangle_3x3_U1_-0.5_mu-7_b1,S_DW_K,9,0.0006694020244919257
number_conserving,triangle_3x3_U1_-0.4_mu-7_b1,density_total,0,0.005160283597998195
number_conserving,triangle_3x3_U1_-0.4_mu-7_b1,density_total,1,0.005289537762834697
number_conserving,triangle_3x3_U1_-0.4_mu-7_b1,density_total,2,0.005149251254728912
number_conserving,triangle_3x3_U1_-0.4_mu-7_b1,density_total,3,0.00540225473720174
number_conserving,triangle_3x3_U1_-0.4_mu-7_b1,density_total,4,0.005240188677210702
number_conserving,triangle_3x3_U1_-0.4_mu-7_b1,density_total,5,0.005172816452027857
number_conserving,triangle_3x3_U1_-0.4_mu-7_b1,density_total,6,0.00535125990804144
number_conserving,triangle_3x3_U1_-0.4_mu-7_b1,density_total,7,0.005226025717045489
number_conserving,triangle_3x3_U1_-0.4_mu-7_b1,density_total,8,0.005178418798449663
number_conserving,triangle_3x3_U1_-0.4_mu-7_b1,density_total,9,0.005308995197060733
number_conserving,triangle_3x3_U1_-0.4_mu-7_b1,energy_density,0,-0.010468194131396068
number_conserving,triangle_3x3_U1_-0.4_mu-7_b1,energy_density,1,-0.010678883349404034
number_conserving,triangle_3x3_U1_-0.4_mu-7_b1,energy_density,2,-0.010418102058741566
number_conserving,triangle_3x3_U1_-0.4_mu-7_b1,energy_density,3,-0.010838219708049605
number_conserving,triangle_3x3_U1_-0.4_mu-7_b1,energy_density,4,-0.010640791945776953
number_conserving,triangle_3x3_U1_-0.4_mu-7_b1,energy_density,5,-0.010548497409139154
number_conserving,triangle_3x3_U1_-0.4_mu-7_b1,energy_density,6,-0.010739223651492701
number_conserving,triangle_3x3_U1_-0.4_mu-7_b1,energy_density,7,-0.01057706252195246
number_conserving,triangle_3x3_U1_-0.4_mu-7_b1,energy_density,8,-0.010459762474968983
number_conserving,triangle_3x3_U1_-0.4_mu-7_b1,energy_density,9,-0.010754553342731411
number_conserving,triangle_3x3_U1_-0.4_mu-7_b1,S_SF_K,0,0.0022466778796321188
number_conserving,triangle_3x3_U1_-0.4_mu-7_b1,S_SF_K,1,0.0022917540171381095
number_conserving,triangle_3x3_U1_-0.4_mu-7_b1,S_SF_K,2,0.002236504542589118
number_conserving,triangle_3x3_U1_-0.4_mu-7_b1,S_SF_K,3,0.002332282106005207
number_conserving,triangle_3x3_U1_-0.4_mu-7_b1,S_SF_K,4,0.0022822533355331964
number_conserving,triangle_3x3_U1_-0.4_mu-7_b1,S_SF_K,5,0.002260609927077248
number_conserving,triangle_3x3_U1_-0.4_mu-7_b1,S_SF_K,6,0.0023118816513393826
number_conserving,triangle_3x3_U1_-0.4_mu-7_b1,S_SF_K,7,0.0022713361982684985
number_conserving,triangle_3x3_U1_-0.4_mu-7_b1,S_SF_K,8,0.0022465371284240182
number_conserving,triangle_3x3_U1_-0.4_mu-7_b1,S_SF_K,9,0.0023081853471033638
number_conserving,triangle_3x3_U1_-0.4_mu-7_b1,S_DW_K,0,0.0005804659899358686
number_conserving,triangle_3x3_U1_-0.4_mu-7_b1,S_DW_K,1,0.0005948585153081465
number_conserving,triangle_3x3_U1_-0.4_mu-7_b1,S_DW_K,2,0.0005798115626361074
number_conserving,triangle_3x3_U1_-0.4_mu-7_b1,S_DW_K,3,0.0006082353747538427
number_conserving,triangle_3x3_U1_-0.4_mu-7_b1,S_DW_K,4,0.0005896861003652988
number_conserving,triangle_3x3_U1_-0.4_mu-7_b1,S_DW_K,5,0.000581918647856364
number_conserving,triangle_3x3_U1_-0.4_mu-7_b1,S_DW_K,6,0.000602542057082511
number_conserving,triangle_3x3_U1_-0.4_mu-7_b1,S_DW_K,7,0.0005879882115039508
number_conserving,triangle_3x3_U1_-0.4_mu-7_b1,S_DW_K,8,0.0005827662660412685
number_conserving,triangle_3x3_U1_-0.4_mu-7_b1,S_DW_K,9,0.0005973355353425348
number_conserving,triangle_3x3_U1_-0.3_mu-7_b1,density_total,0,0.004665224194946267
number_conserving,triangle_3x3_U1_-0.3_mu-7_b1,density_total,1,0.004758747587219867
number_conserving,triangle_3x3_U1_-0.3_mu-7_b1,density_total,2,0.004662932277529391
number_conserving,triangle_3x3_U1_-0.3_mu-7_b1,density_total,3,0.004847102027115588
number_conserving,triangle_3x3_U1_-0.3_mu-7_b1,density_total,4,0.004689396237513419
number_conserving,triangle_3x3_U1_-0.3_mu-7_b1,density_total,5,0.004666938269298893
number_conserving,triangle_3x3_U1_-0.3_mu-7_b1,density_total,6,0.00481235337627782
number_conserving,triangle_3x3_U1_-0.3_mu-7_b1,density_total,7,0.0047046478675914554
number_conserving,triangle_3x3_U1_-0.3_mu-7_b1,density_total,8,0.004671002040359751
number_conserving,triangle_3x3_U1_-0.3_mu-7_b1,density_total,9,0.004770669469924967
number_conserving,triangle_3x3_U1_-0.3_mu-7_b1,energy_density,0,-0.008977847018002461
number_conserving,triangle_3x3_U1_-0.3_mu-7_b1,energy_density,1,-0.009111837785872254
number_conserving,triangle_3x3_U1_-0.3_mu-7_b1,energy_density,2,-0.00894450236168145
number_conserving,triangle_3x3_U1_-0.3_mu-7_b1,energy_density,3,-0.009236032722481077
number_conserving,triangle_3x3_U1_-0.3_mu-7_b1,energy_density,4,-0.009039694060317953
number_conserving,triangle_3x3_U1_-0.3_mu-7_b1,energy_density,5,-0.009026855210350687
number_conserving,triangle_3x3_U1_-0.3_mu-7_b1,energy_density,6,-0.009154512114334882
number_conserving,triangle_3x3_U1_-0.3_mu-7_b1,energy_density,7,-0.009031191147048102
number_conserving,triangle_3x3_U1_-0.3_mu-7_b1,energy_density,8,-0.008957927862540415
number_conserving,triangle_3x3_U1_-0.3_mu-7_b1,energy_density,9,-0.009179085290008365
number_conserving,triangle_3x3_U1_-0.3_mu-7_b1,S_SF_K,0,0.002031666100213816
number_conserving,triangle_3x3_U1_-0.3_mu-7_b1,S_SF_K,1,0.00206289370621399
number_conserving,triangle_3x3_U1_-0.3_mu-7_b1,S_SF_K,2,0.0020256374225360555
number_conserving,triangle_3x3_U1_-0.3_mu-7_b1,S_SF_K,3,0.002096093071437792
number_conserving,triangle_3x3_U1_-0.3_mu-7_b1,S_SF_K,4,0.002043877329039646
number_conserving,triangle_3x3_U1_-0.3_mu-7_b1,S_SF_K,5,0.002039304063178183
number_conserving,triangle_3x3_U1_-0.3_mu-7_b1,S_SF_K,6,0.0020793608770999592
number_conserving,triangle_3x3_U1_-0.3_mu-7_b1,S_SF_K,7,0.002045311914699588
number_conserving,triangle_3x3_U1_-0.3_mu-7_b1,S_SF_K,8,0.0020285433804847516
number_conserving,triangle_3x3_U1_-0.3_mu-7_b1,S_SF_K,9,0.0020766810210130957
number_conserving,triangle_3x3_U1_-0.3_mu-7_b1,S_DW_K,0,0.0005232784474519787
number_conserving,triangle_3x3_U1_-0.3_mu-7_b1,S_DW_K,1,0.0005336611153788696
number_conserving,triangle_3x3_U1_-0.3_mu-7_b1,S_DW_K,2,0.0005233555665307752
number_conserving,triangle_3x3_U1_-0.3_mu-7_b1,S_DW_K,3,0.0005440878901454676
number_conserving,triangle_3x3_U1_-0.3_mu-7_b1,S_DW_K,4,0.000526131778112618
number_conserving,triangle_3x3_U1_-0.3_mu-7_b1,S_DW_K,5,0.0005234926254251691
number_conserving,triangle_3x3_U1_-0.3_mu-7_b1,S_DW_K,6,0.0005401455922862565
number_conserving,triangle_3x3_U1_-0.3_mu-7_b1,S_DW_K,7,0.0005278116977384548
number_conserving,triangle_3x3_U1_-0.3_mu-7_b1,S_DW_K,8,0.0005240566561291128
number_conserving,triangle_3x3_U1_-0.3_mu-7_b1,S_DW_K,9,0.0005351858507794666
number_conserving,triangle_3x3_U1_-0.2_mu-7_b1,density_total,0,0.004219658903162948
number_conserving,triangle_3x3_U1_-0.2_mu-7_b1,density_total,1,0.004298620396504652
number_conserving,triangle_3x3_U1_-0.2_mu-7_b1,density_total,2,0.0041989749489805975
number_conserving,triangle_3x3_U1_-0.2_mu-7_b1,density_total,3,0.004351426255258683
number_conserving,triangle_3x3_U1_-0.2_mu-7_b1,density_total,4,0.004227384338061504
number_conserving,triangle_3x3_U1_-0.2_mu-7_b1,density_total,5,0.004208496915212652
number_conserving,triangle_3x3_U1_-0.2_mu-7_b1,density_total,6,0.004328953479474148
number_conserving,triangle_3x3_U1_-0.2_mu-7_b1,density_total,7,0.004242259277407065
number_conserving,triangle_3x3_U1_-0.2_mu-7_b1,density_total,8,0.004206711516338107
number_conserving,triangle_3x3_U1_-0.2_mu-7_b1,density_total,9,0.004309291764545373
number_conserving,triangle_3x3_U1_-0.2_mu-7_b1,energy_density,0,-0.007684471911236103
number_conserving,triangle_3x3_U1_-0.2_mu-7_b1,energy_density,1,-0.007782317817606904
number_conserving,triangle_3x3_U1_-0.2_mu-7_b1,energy_density,2,-0.007628381006466132
number_conserving,triangle_3x3_U1_-0.2_mu-7_b1,energy_density,3,-0.007852196776699676
number_conserving,triangle_3x3_U1_-0.2_mu-7_b1,energy_density,4,-0.007708713884290395
number_conserving,triangle_3x3_U1_-0.2_mu-7_b1,energy_density,5,-0.007709017730922564
number_conserving,triangle_3x3_U1_-0.2_mu-7_b1,energy_density,6,-0.007808134158336603
number_conserving,triangle_3x3_U1_-0.2_mu-7_b1,energy_density,7,-0.00771463610638103
number_conserving,triangle_3x3_U1_-0.2_mu-7_b1,energy_density,8,-0.0076506746425692215
number_conserving,triangle_3x3_U1_-0.2_mu-7_b1,energy_density,9,-0.007838953577406575
number_conserving,triangle_3x3_U1_-0.2_mu-7_b1,S_SF_K,0,0.001837718817643865
number_conserving,triangle_3x3_U1_-0.2_mu-7_b1,S_SF_K,1,0.0018632536511040136
number_conserving,triangle_3x3_U1_-0.2_mu-7_b1,S_SF_K,2,0.001825497107559768
number_conserving,triangle_3x3_U1_-0.2_mu-7_b1,S_SF_K,3,0.001883534403905629
number_conserving,triangle_3x3_U1_-0.2_mu-7_b1,S_SF_K,4,0.0018421810079438255
number_conserving,triangle_3x3_U1_-0.2_mu-7_b1,S_SF_K,5,0.001839683223965246
number_conserving,triangle_3x3_U1_-0.2_mu-7_b1,S_SF_K,6,0.0018738066782548683
number_conserving,triangle_3x3_U1_-0.2_mu-7_b1,S_SF_K,7,0.0018459230441535493
number_conserving,triangle_3x3_U1_-0.2_mu-7_b1,S_SF_K,8,0.0018299260111358522
number_conserving,triangle_3x3_U1_-0.2_mu-7_b1,S_SF_K,9,0.0018749719611125943
number_conserving,triangle_3x3_U1_-0.2_mu-7_b1,S_DW_K,0,0.0004722777205108976
number_conserving,triangle_3x3_U1_-0.2_mu-7_b1,S_DW_K,1,0.0004810852593578894
number_conserving,triangle_3x3_U1_-0.2_mu-7_b1,S_DW_K,2,0.0004701089849638077
number_conserving,triangle_3x3_U1_-0.2_mu-7_b1,S_DW_K,3,0.0004872667567931753
number_conserving,triangle_3x3_U1_-0.2_mu-7_b1,S_DW_K,4,0.000473243606760086
number_conserving,triangle_3x3_U1_-0.2_mu-7_b1,S_DW_K,5,0.0004710890705810491
number_conserving,triangle_3x3_U1_-0.2_mu-7_b1,S_DW_K,6,0.00048469982435545445
number_conserving,triangle_3x3_U1_-0.2_mu-7_b1,S_DW_K,7,0.000474883509149468
number_conserving,triangle_3x3_U1_-0.2_mu-7_b1,S_DW_K,8,0.0004709169259603221
number_conserving,triangle_3x3_U1_-0.2_mu-7_b1,S_DW_K,9,0.0004823454957317731
number_conserving,triangle_3x3_U1_-0.1_mu-7_b1,density_total,0,0.003826751531067639
number_conserving,triangle_3x3_U1_-0.1_mu-7_b1,density_total,1,0.0038811875153854374
number_conserving,triangle_3x3_U1_-0.1_mu-7_b1,density_total,2,0.0037943115079382686
number_conserving,triangle_3x3_U1_-0.1_mu-7_b1,density_total,3,0.0038986011659993317
number_conserving,triangle_3x3_U1_-0.1_mu-7_b1,density_total,4,0.003808833704500835
number_conserving,triangle_3x3_U1_-0.1_mu-7_b1,density_total,5,0.0038061749998336376
number_conserving,triangle_3x3_U1_-0.1_mu-7_b1,density_total,6,0.003888406142770296
number_conserving,triangle_3x3_U1_-0.1_mu-7_b1,density_total,7,0.003827261861013764
number_conserving,triangle_3x3_U1_-0.1_mu-7_b1,density_total,8,0.003809840801990065
number_conserving,triangle_3x3_U1_-0.1_mu-7_b1,density_total,9,0.003901247568792945
number_conserving,triangle_3x3_U1_-0.1_mu-7_b1,energy_density,0,-0.006576095252679969
number_conserving,triangle_3x3_U1_-0.1_mu-7_b1,energy_density,1,-0.006620529955797092
number_conserving,triangle_3x3_U1_-0.1_mu-7_b1,energy_density,2,-0.006510651834750757
number_conserving,triangle_3x3_U1_-0.1_mu-7_b1,energy_density,3,-0.0066389643265762814
number_conserving,triangle_3x3_U1_-0.1_mu-7_b1,energy_density,4,-0.006550233890517781
number_conserving,triangle_3x3_U1_-0.1_mu-7_b1,energy_density,5,-0.006577309121544994
number_conserving,triangle_3x3_U1_-0.1_mu-7_b1,energy_density,6,-0.006625820260798418
number_conserving,triangle_3x3_U1_-0.1_mu-7_b1,energy_density,7,-0.0065756906142779474
number_conserving,triangle_3x3_U1_-0.1_mu-7_b1,energy_density,8,-0.0065378219875851865
number_conserving,triangle_3x3_U1_-0.1_mu-7_b1,energy_density,9,-0.006690471321502478
number_conserving,triangle_3x3_U1_-0.1_mu-7_b1,S_SF_K,0,0.00166651768360835
number_conserving,triangle_3x3_U1_-0.1_mu-7_b1,S_SF_K,1,0.0016814299448596802
number_conserving,triangle_3x3_U1_-0.1_mu-7_b1,S_SF_K,2,0.0016507803279234615
number_conserving,triangle_3x3_U1_-0.1_mu-7_b1,S_SF_K,3,0.001688106040943799
number_conserving,triangle_3x3_U1_-0.1_mu-7_b1,S_SF_K,4,0.0016592067054795603
number_conserving,triangle_3x3_U1_-0.1_mu-7_b1,S_SF_K,5,0.001663060492980608
number_conserving,triangle_3x3_U1_-0.1_mu-7_b1,S_SF_K,6,0.0016847430730254043
number_conserving,triangle_3x3_U1_-0.1_mu-7_b1,S_SF_K,7,0.0016666620368980304
number_conserving,triangle_3x3_U1_-0.1_mu-7_b1,S_SF_K,8,0.0016574720089455916
number_conserving,triangle_3x3_U1_-0.1_mu-7_b1,S_SF_K,9,0.001696631854282075
number_conserving,triangle_3x3_U1_-0.1_mu-7_b1,S_DW_K,0,0.00042759729353872376
number_conserving,triangle_3x3_U1_-0.1_mu-7_b1,S_DW_K,1,0.000433671053964386
number_conserving,triangle_3x3_U1_-0.1_mu-7_b1,S_DW_K,2,0.0004240431993011291
number_conserving,triangle_3x3_U1_-0.1_mu-7_b1,S_DW_K,3,0.00043575154051025906
number_conserving,triangle_3x3_U1_-0.1_mu-7_b1,S_DW_K,4,0.0004256499734793497
number_conserving,triangle_3x3_U1_-0.1_mu-7_b1,S_DW_K,5,0.00042537521640077325
number_conserving,triangle_3x3_U1_-0.1_mu-7_b1,S_DW_K,6,0.00043459551707993683
number_conserving,triangle_3x3_U1_-0.1_mu-7_b1,S_DW_K,7,0.00042770255937456795
number_conserving,triangle_3x3_U1_-0.1_mu-7_b1,S_DW_K,8,0.0004257801508252862
number_conserving,triangle_3x3_U1_-0.1_mu-7_b1,S_DW_K,9,0.00043593429261201157
number_conserving,triangle_3x3_U1_0_mu-7_b1,density_total,0,0.003464335998987096
number_conserving,triangle_3x3_U1_0_mu-7_b1,density_total,1,0.003504336928535981
number_conserving,triangle_3x3_U1_0_mu-7_b1,density_total,2,0.00343073952267712
number_conserving,triangle_3x3_U1_0_mu-7_b1,density_total,3,0.0034479554654529574
number_conserving,triangle_3x3_U1_0_mu-7_b1,density_total,4,0.003458832031264723
number_conserving,triangle_3x3_U1_0_mu-7_b1,density_total,5,0.003464934740906898
number_conserving,triangle_3x3_U1_0_mu-7_b1,density_total,6,0.003442107987285727
number_conserving,triangle_3x3_U1_0_mu-7_b1,density_total,7,0.003495388453604717
number_conserving,triangle_3x3_U1_0_mu-7_b1,density_total,8,0.003449797407758205
number_conserving,triangle_3x3_U1_0_mu-7_b1,density_total,9,0.003468603607709776
number_conserving,triangle_3x3_U1_0_mu-7_b1,energy_density,0,-0.00558805753829495
number_conserving,triangle_3x3_U1_0_mu-7_b1,energy_density,1,-0.005645455795442658
number_conserving,triangle_3x3_U1_0_mu-7_b1,energy_density,2,-0.005578698200509505
number_conserving,triangle_3x3_U1_0_mu-7_b1,energy_density,3,-0.005584656726980825
number_conserving,triangle_3x3_U1_0_mu-7_b1,energy_density,4,-0.0055741695200632185
number_conserving,triangle_3x3_U1_0_mu-7_b1,energy_density,5,-0.005603224215637022
number_conserving,triangle_3x3_U1_0_mu-7_b1,energy_density,6,-0.005546858978817238
number_conserving,triangle_3x3_U1_0_mu-7_b1,energy_density,7,-0.005619426194404701
number_conserving,triangle_3x3_U1_0_mu-7_b1,energy_density,8,-0.005558433808948495
number_conserving,triangle_3x3_U1_0_mu-7_b1,energy_density,9,-0.00560456424243177
number_conserving,triangle_3x3_U1_0_mu-7_b1,S_SF_K,0,0.0015066788187695047
number_conserving,triangle_3x3_U1_0_mu-7_b1,S_SF_K,1,0.001523327504846195
number_conserving,triangle_3x3_U1_0_mu-7_b1,S_SF_K,2,0.0014994134148053324
number_conserving,triangle_3x3_U1_0_mu-7_b1,S_SF_K,3,0.0015032309522213295
number_conserving,triangle_3x3_U1_0_mu-7_b1,S_SF_K,4,0.0015032491903669673
number_conserving,triangle_3x3_U1_0_mu-7_b1,S_SF_K,5,0.0015092935670206937
number_conserving,triangle_3x3_U1_0_mu-7_b1,S_SF_K,6,0.0014957395194943853
number_conserving,triangle_3x3_U1_0_mu-7_b1,S_SF_K,7,0.0015172274637094817
number_conserving,triangle_3x3_U1_0_mu-7_b1,S_SF_K,8,0.00149948871246532
number_conserving,triangle_3x3_U1_0_mu-7_b1,S_SF_K,9,0.00151051206408509
number_conserving,triangle_3x3_U1_0_mu-7_b1,S_DW_K,0,0.00038663905478382844
number_conserving,triangle_3x3_U1_0_mu-7_b1,S_DW_K,1,0.0003911297329768103
number_conserving,triangle_3x3_U1_0_mu-7_b1,S_DW_K,2,0.00038291467502890467
number_conserving,triangle_3x3_U1_0_mu-7_b1,S_DW_K,3,0.00038479472935258206
number_conserving,triangle_3x3_U1_0_mu-7_b1,S_DW_K,4,0.000386044709841839
number_conserving,triangle_3x3_U1_0_mu-7_b1,S_DW_K,5,0.00038670806348888644
number_conserving,triangle_3x3_U1_0_mu-7_b1,S_DW_K,6,0.00038414595121492124
number_conserving,triangle_3x3_U1_0_mu-7_b1,S_DW_K,7,0.00039011402961981365
number_conserving,triangle_3x3_U1_0_mu-7_b1,S_DW_K,8,0.0003849937686404101
number_conserving,triangle_3x3_U1_0_mu-7_b1,S_DW_K,9,0.00038711701738681586
pairing,triangle_pairing_delta_3x3_D0_mum5_b4,density_total,0,2.783638420738196e-06
pairing,triangle_pairing_delta_3x3_D0_mum5_b4,density_total,1,2.8003615252531574e-06
pairing,triangle_pairing_delta_3x3_D0_mum5_b4,density_total,2,2.595837910921948e-06
pairing,triangle_pairing_delta_3x3_D0_mum5_b4,density_total,3,2.723124461963836e-06
pairing,triangle_pairing_delta_3x3_D0_mum5_b4,density_total,4,2.643077416052986e-06
pairing,triangle_pairing_delta_3x3_D0_mum5_b4,density_total,5,2.8040139146999254e-06
pairing,triangle_pairing_delta_3x3_D0_mum5_b4,density_total,6,2.6886867021926767e-06
pairing,triangle_pairing_delta_3x3_D0_mum5_b4,density_total,7,2.8373817530947566e-06
pairing,triangle_pairing_delta_3x3_D0_mum5_b4,density_total,8,2.664503427215819e-06
pairing,triangle_pairing_delta_3x3_D0_mum5_b4,density_total,9,2.6361023015909366e-06
pairing,triangle_pairing_delta_3x3_D0_mum5_b4,energy_density,0,-5.533517616781424e-06
pairing,triangle_pairing_delta_3x3_D0_mum5_b4,energy_density,1,-5.5947851742362875e-06
pairing,triangle_pairing_delta_3x3_D0_mum5_b4,energy_density,2,-5.210354734872591e-06
pairing,triangle_pairing_delta_3x3_D0_mum5_b4,energy_density,3,-5.458655517379667e-06
pairing,triangle_pairing_delta_3x3_D0_mum5_b4,energy_density,4,-5.294188216845234e-06
pairing,triangle_pairing_delta_3x3_D0_mum5_b4,energy_density,5,-5.588640951882211e-06
pairing,triangle_pairing_delta_3x3_D0_mum5_b4,energy_density,6,-5.3823288559626736e-06
pairing,triangle_pairing_delta_3x3_D0_mum5_b4,energy_density,7,-5.667972611770275e-06
pairing,triangle_pairing_delta_3x3_D0_mum5_b4,energy_density,8,-5.31998411640048e-06
pairing,triangle_pairing_delta_3x3_D0_mum5_b4,energy_density,9,-5.265726084496848e-06
pairing,triangle_pairing_delta_3x3_D0_mum5_b4,S_SF_K,0,1.3862951312801508e-06
pairing,triangle_pairing_delta_3x3_D0_mum5_b4,S_SF_K,1,1.3990983797532279e-06
pairing,triangle_pairing_delta_3x3_D0_mum5_b4,S_SF_K,2,1.3008389996686703e-06
pairing,triangle_pairing_delta_3x3_D0_mum5_b4,S_SF_K,3,1.3637010444671966e-06
pairing,triangle_pairing_delta_3x3_D0_mum5_b4,S_SF_K,4,1.3228046078130232e-06
pairing,triangle_pairing_delta_3x3_D0_mum5_b4,S_SF_K,5,1.3988253192753188e-06
pairing,triangle_pairing_delta_3x3_D0_mum5_b4,S_SF_K,6,1.3450788529296244e-06
pairing,triangle_pairing_delta_3x3_D0_mum5_b4,S_SF_K,7,1.4176883013375996e-06
pairing,triangle_pairing_delta_3x3_D0_mum5_b4,S_SF_K,8,1.3306755530236207e-06
pairing,triangle_pairing_delta_3x3_D0_mum5_b4,S_SF_K,9,1.3167883924321544e-06
pairing,triangle_pairing_delta_3x3_D0_mum5_b4,S_DW_K,0,3.0929816193802403e-07
pairing,triangle_pairing_delta_3x3_D0_mum5_b4,S_DW_K,1,3.1115643865715255e-07
pairing,triangle_pairing_delta_3x3_D0_mum5_b4,S_DW_K,2,2.8843129873795204e-07
pairing,triangle_pairing_delta_3x3_D0_mum5_b4,S_DW_K,3,3.025744789577691e-07
pairing,triangle_pairing_delta_3x3_D0_mum5_b4,S_DW_K,4,2.936799476067673e-07
pairing,triangle_pairing_delta_3x3_D0_mum5_b4,S_DW_K,5,3.115623625868675e-07
pairing,triangle_pairing_delta_3x3_D0_mum5_b4,S_DW_K,6,2.987480392892253e-07
pairing,triangle_pairing_delta_3x3_D0_mum5_b4,S_DW_K,7,3.152699455289577e-07
pairing,triangle_pairing_delta_3x3_D0_mum5_b4,S_DW_K,8,2.9606090116822207e-07
pairing,triangle_pairing_delta_3x3_D0_mum5_b4,S_DW_K,9,2.929052062945145e-07
pairing,triangle_pairing_delta_3x3_D0p05_mum5_b4,density_total,0,8.758270882839686e-05
pairing,triangle_pairing_delta_3x3_D0p05_mum5_b4,density_total,1,8.752210526692345e-05
pairing,triangle_pairing_delta_3x3_D0p05_mum5_b4,density_total,2,8.758274387856552e-05
pairing,triangle_pairing_delta_3x3_D0p05_mum5_b4,density_total,3,8.742103265483336e-05
pairing,triangle_pairing_delta_3x3_D0p05_mum5_b4,density_total,4,8.765193406459499e-05
pairing,triangle_pairing_delta_3x3_D0p05_mum5_b4,density_total,5,8.748790761145108e-05
pairing,triangle_pairing_delta_3x3_D0p05_mum5_b4,density_total,6,8.759257073386319e-05
pairing,triangle_pairing_delta_3x3_D0p05_mum5_b4,density_total,7,8.74535179475087e-05
pairing,triangle_pairing_delta_3x3_D0p05_mum5_b4,density_total,8,8.752887041963629e-05
pairing,triangle_pairing_delta_3x3_D0p05_mum5_b4,density_total,9,8.742447053203277e-05
pairing,triangle_pairing_delta_3x3_D0p05_mum5_b4,energy_density,0,-0.0007311100579170533
pairing,triangle_pairing_delta_3x3_D0p05_mum5_b4,energy_density,1,-0.0007311011329028304
pairing,triangle_pairing_delta_3x3_D0p05_mum5_b4,energy_density,2,-0.0007311652241907828
pairing,triangle_pairing_delta_3x3_D0p05_mum5_b4,energy_density,3,-0.0007308765513913914
pairing,triangle_pairing_delta_3x3_D0p05_mum5_b4,energy_density,4,-0.000731325373357143
pairing,triangle_pairing_delta_3x3_D0p05_mum5_b4,energy_density,5,-0.0007310929312272403
pairing,triangle_pairing_delta_3x3_D0p05_mum5_b4,energy_density,6,-0.0007311560344614946
pairing,triangle_pairing_delta_3x3_D0p05_mum5_b4,energy_density,7,-0.0007309452266613109
pairing,triangle_pairing_delta_3x3_D0p05_mum5_b4,energy_density,8,-0.0007309893720083778
pairing,triangle_pairing_delta_3x3_D0p05_mum5_b4,energy_density,9,-0.0007308451511583659
pairing,triangle_pairing_delta_3x3_D0p05_mum5_b4,S_SF_K,0,2.5205332007299142e-05
pairing,triangle_pairing_delta_3x3_D0p05_mum5_b4,S_SF_K,1,2.5178830200387347e-05
pairing,triangle_pairing_delta_3x3_D0p05_mum5_b4,S_SF_K,2,2.5209353673220158e-05
pairing,triangle_pairing_delta_3x3_D0p05_mum5_b4,S_SF_K,3,2.5127579712777753e-05
pairing,triangle_pairing_delta_3x3_D0p05_mum5_b4,S_SF_K,4,2.524361792622378e-05
pairing,triangle_pairing_delta_3x3_D0p05_mum5_b4,S_SF_K,5,2.5169401082674687e-05
pairing,triangle_pairing_delta_3x3_D0p05_mum5_b4,S_SF_K,6,2.5211924849738127e-05
pairing,triangle_pairing_delta_3x3_D0p05_mum5_b4,S_SF_K,7,2.5144450593846572e-05
pairing,triangle_pairing_delta_3x3_D0p05_mum5_b4,S_SF_K,8,2.517760266702488e-05
pairing,triangle_pairing_delta_3x3_D0p05_mum5_b4,S_SF_K,9,2.512915730143226e-05
pairing,triangle_pairing_delta_3x3_D0p05_mum5_b4,S_DW_K,0,1.766161479829267e-05
pairing,triangle_pairing_delta_3x3_D0p05_mum5_b4,S_DW_K,1,1.7656590948703263e-05
pairing,triangle_pairing_delta_3x3_D0p05_mum5_b4,S_DW_K,2,1.7662473749668084e-05
pairing,triangle_pairing_delta_3x3_D0p05_mum5_b4,S_DW_K,3,1.7644882214216162e-05
pairing,triangle_pairing_delta_3x3_D0p05_mum5_b4,S_DW_K,4,1.7670489372289547e-05
pairing,triangle_pairing_delta_3x3_D0p05_mum5_b4,S_DW_K,5,1.7653319191611295e-05
pairing,triangle_pairing_delta_3x3_D0p05_mum5_b4,S_DW_K,6,1.7662536816367316e-05
pairing,triangle_pairing_delta_3x3_D0p05_mum5_b4,S_DW_K,7,1.764849707113057e-05
pairing,triangle_pairing_delta_3x3_D0p05_mum5_b4,S_DW_K,8,1.765506086379557e-05
pairing,triangle_pairing_delta_3x3_D0p05_mum5_b4,S_DW_K,9,1.7644664143433905e-05
pairing,triangle_pairing_delta_3x3_D0p1_mum5_b4,density_total,0,0.000341837673612215
pairing,triangle_pairing_delta_3x3_D0p1_mum5_b4,density_total,1,0.00034159572526205976
pairing,triangle_pairing_delta_3x3_D0p1_mum5_b4,density_total,2,0.00034192465091280306
pairing,triangle_pairing_delta_3x3_D0p1_mum5_b4,density_total,3,0.00034192384368040776
pairing,triangle_pairing_delta_3x3_D0p1_mum5_b4,density_total,4,0.0003415071574722058
pairing,triangle_pairing_delta_3x3_D0p1_mum5_b4,density_total,5,0.00034197462267760413
pairing,triangle_pairing_delta_3x3_D0p1_mum5_b4,density_total,6,0.00034172945509766353
pairing,triangle_pairing_delta_3x3_D0p1_mum5_b4,density_total,7,0.00034203440390652423
pairing,triangle_pairing_delta_3x3_D0p1_mum5_b4,density_total,8,0.0003414970826965836
pairing,triangle_pairing_delta_3x3_D0p1_mum5_b4,density_total,9,0.0003422772996336977
pairing,triangle_pairing_delta_3x3_D0p1_mum5_b4,energy_density,0,-0.0029083476147320946
pairing,triangle_pairing_delta_3x3_D0p1_mum5_b4,energy_density,1,-0.0029073365818496795
pairing,triangle_pairing_delta_3x3_D0p1_mum5_b4,energy_density,2,-0.002908623071067003
pairing,triangle_pairing_delta_3x3_D0p1_mum5_b4,energy_density,3,-0.002908558411094048
pairing,triangle_pairing_delta_3x3_D0p1_mum5_b4,energy_density,4,-0.0029073458488292386
pairing,triangle_pairing_delta_3x3_D0p1_mum5_b4,energy_density,5,-0.002908950843568697
pairing,triangle_pairing_delta_3x3_D0p1_mum5_b4,energy_density,6,-0.0029079351625926494
pairing,triangle_pairing_delta_3x3_D0p1_mum5_b4,energy_density,7,-0.0029090291939654145
pairing,triangle_pairing_delta_3x3_D0p1_mum5_b4,energy_density,8,-0.0029066697074994706
pairing,triangle_pairing_delta_3x3_D0p1_mum5_b4,energy_density,9,-0.002909735569520203
pairing,triangle_pairing_delta_3x3_D0p1_mum5_b4,S_SF_K,0,9.656671764195588e-05
pairing,triangle_pairing_delta_3x3_D0p1_mum5_b4,S_SF_K,1,9.643436000963448e-05
pairing,triangle_pairing_delta_3x3_D0p1_mum5_b4,S_SF_K,2,9.661552057573749e-05
pairing,triangle_pairing_delta_3x3_D0p1_mum5_b4,S_SF_K,3,9.661676893796908e-05
pairing,triangle_pairing_delta_3x3_D0p1_mum5_b4,S_SF_K,4,9.639613172338814e-05
pairing,triangle_pairing_delta_3x3_D0p1_mum5_b4,S_SF_K,5,9.663676636389156e-05
pairing,triangle_pairing_delta_3x3_D0p1_mum5_b4,S_SF_K,6,9.650811084814839e-05
pairing,triangle_pairing_delta_3x3_D0p1_mum5_b4,S_SF_K,7,9.667366062058269e-05
pairing,triangle_pairing_delta_3x3_D0p1_mum5_b4,S_SF_K,8,9.63743253333383e-05
pairing,triangle_pairing_delta_3x3_D0p1_mum5_b4,S_SF_K,9,9.67879596276493e-05
pairing,triangle_pairing_delta_3x3_D0p1_mum5_b4,S_DW_K,0,6.973129243861385e-05
pairing,triangle_pairing_delta_3x3_D0p1_mum5_b4,S_DW_K,1,6.969110683068226e-05
pairing,triangle_pairing_delta_3x3_D0p1_mum5_b4,S_DW_K,2,6.974175157747638e-05
pairing,triangle_pairing_delta_3x3_D0p1_mum5_b4,S_DW_K,3,6.97407510408442e-05
pairing,triangle_pairing_delta_3x3_D0p1_mum5_b4,S_DW_K,4,6.968411694350645e-05
pairing,triangle_pairing_delta_3x3_D0p1_mum5_b4,S_DW_K,5,6.975033812936622e-05
pairing,triangle_pairing_delta_3x3_D0p1_mum5_b4,S_DW_K,6,6.971167842514107e-05
pairing,triangle_pairing_delta_3x3_D0p1_mum5_b4,S_DW_K,7,6.975908387142532e-05
pairing,triangle_pairing_delta_3x3_D0p1_mum5_b4,S_DW_K,8,6.967468500007925e-05
pairing,triangle_pairing_delta_3x3_D0p1_mum5_b4,S_DW_K,9,6.979239370869334e-05
pairing,triangle_pairing_delta_3x3_D0p15_mum5_b4,density_total,0,0.0007666295553292902
pairing,triangle_pairing_delta_3x3_D0p15_mum5_b4,density_total,1,0.0007671212112067067
pairing,triangle_pairing_delta_3x3_D0p15_mum5_b4,density_total,2,0.000766609756416955
pairing,triangle_pairing_delta_3x3_D0p15_mum5_b4,density_total,3,0.0007660694834775817
pairing,triangle_pairing_delta_3x3_D0p15_mum5_b4,density_total,4,0.0007667873293675978
pairing,triangle_pairing_delta_3x3_D0p15_mum5_b4,density_total,5,0.0007669714237234499
pairing,triangle_pairing_delta_3x3_D0p15_mum5_b4,density_total,6,0.0007668709748789529
pairing,triangle_pairing_delta_3x3_D0p15_mum5_b4,density_total,7,0.0007669844606377055
pairing,triangle_pairing_delta_3x3_D0p15_mum5_b4,density_total,8,0.000767245498249863
pairing,triangle_pairing_delta_3x3_D0p15_mum5_b4,density_total,9,0.000766300091991378
pairing,triangle_pairing_delta_3x3_D0p15_mum5_b4,energy_density,0,-0.006542102778487085
pairing,triangle_pairing_delta_3x3_D0p15_mum5_b4,energy_density,1,-0.006543571528272356
pairing,triangle_pairing_delta_3x3_D0p15_mum5_b4,energy_density,2,-0.006542230589887036
pairing,triangle_pairing_delta_3x3_D0p15_mum5_b4,energy_density,3,-0.006539440272078467
pairing,triangle_pairing_delta_3x3_D0p15_mum5_b4,energy_density,4,-0.006542469328776911
pairing,triangle_pairing_delta_3x3_D0p15_mum5_b4,energy_density,5,-0.0065432915972615776
pairing,triangle_pairing_delta_3x3_D0p15_mum5_b4,energy_density,6,-0.006543075975624904
pairing,triangle_pairing_delta_3x3_D0p15_mum5_b4,energy_density,7,-0.006543130507718574
pairing,triangle_pairing_delta_3x3_D0p15_mum5_b4,energy_density,8,-0.0065445922363959385
pairing,triangle_pairing_delta_3x3_D0p15_mum5_b4,energy_density,9,-0.006540614098716785
pairing,triangle_pairing_delta_3x3_D0p15_mum5_b4,S_SF_K,0,0.00021594870449564825
pairing,triangle_pairing_delta_3x3_D0p15_mum5_b4,S_SF_K,1,0.00021619585887357418
pairing,triangle_pairing_delta_3x3_D0p15_mum5_b4,S_SF_K,2,0.00021593406382630325
pairing,triangle_pairing_delta_3x3_D0p15_mum5_b4,S_SF_K,3,0.00021561973590404984
pairing,triangle_pairing_delta_3x3_D0p15_mum5_b4,S_SF_K,4,0.00021601695836615366
pairing,triangle_pairing_delta_3x3_D0p15_mum5_b4,S_SF_K,5,0.00021613090047890404
pairing,triangle_pairing_delta_3x3_D0p15_mum5_b4,S_SF_K,6,0.00021607501391234681
pairing,triangle_pairing_delta_3x3_D0p15_mum5_b4,S_SF_K,7,0.0002161164412695062
pairing,triangle_pairing_delta_3x3_D0p15_mum5_b4,S_SF_K,8,0.0002163067183498534
pairing,triangle_pairing_delta_3x3_D0p15_mum5_b4,S_SF_K,9,0.00021574469948343423
pairing,triangle_pairing_delta_3x3_D0p15_mum5_b4,S_DW_K,0,0.00015672373685790463
pairing,triangle_pairing_delta_3x3_D0p15_mum5_b4,S_DW_K,1,0.00015678765435600235
pairing,triangle_pairing_delta_3x3_D0p15_mum5_b4,S_DW_K,2,0.00015671982953342244
pairing,triangle_pairing_delta_3x3_D0p15_mum5_b4,S_DW_K,3,0.00015662953048735146
pairing,triangle_pairing_delta_3x3_D0p15_mum5_b4,S_DW_K,4,0.00015673839097798362
pairing,triangle_pairing_delta_3x3_D0p15_mum5_b4,S_DW_K,5,0.00015677144886710602
pairing,triangle_pairing_delta_3x3_D0p15_mum5_b4,S_DW_K,6,0.00015675759565953945
pairing,triangle_pairing_delta_3x3_D0p15_mum5_b4,S_DW_K,7,0.00015676635003522357
pairing,triangle_pairing_delta_3x3_D0p15_mum5_b4,S_DW_K,8,0.00015681877473756013
pairing,triangle_pairing_delta_3x3_D0p15_mum5_b4,S_DW_K,9,0.0001566617365044965
pairing,triangle_pairing_delta_3x3_D0p2_mum5_b4,density_total,0,0.0013645858171648202
pairing,triangle_pairing_delta_3x3_D0p2_mum5_b4,density_total,1,0.0013636569574115346
pairing,triangle_pairing_delta_3x3_D0p2_mum5_b4,density_total,2,0.0013629213120855176
pairing,triangle_pairing_delta_3x3_D0p2_mum5_b4,density_total,3,0.001363771147805266
pairing,triangle_pairing_delta_3x3_D0p2_mum5_b4,density_total,4,0.0013644994852044375
pairing,triangle_pairing_delta_3x3_D0p2_mum5_b4,density_total,5,0.001363402265789203
pairing,triangle_pairing_delta_3x3_D0p2_mum5_b4,density_total,6,0.0013626132053044188
pairing,triangle_pairing_delta_3x3_D0p2_mum5_b4,density_total,7,0.0013625006985324602
pairing,triangle_pairing_delta_3x3_D0p2_mum5_b4,density_total,8,0.0013635342220334207
pairing,triangle_pairing_delta_3x3_D0p2_mum5_b4,density_total,9,0.0013629900594140602
pairing,triangle_pairing_delta_3x3_D0p2_mum5_b4,energy_density,0,-0.01164525265798826
pairing,triangle_pairing_delta_3x3_D0p2_mum5_b4,energy_density,1,-0.01164202924458145
pairing,triangle_pairing_delta_3x3_D0p2_mum5_b4,energy_density,2,-0.011638021327059763
pairing,triangle_pairing_delta_3x3_D0p2_mum5_b4,energy_density,3,-0.011642764196857645
pairing,triangle_pairing_delta_3x3_D0p2_mum5_b4,energy_density,4,-0.011644809551482579
pairing,triangle_pairing_delta_3x3_D0p2_mum5_b4,energy_density,5,-0.011640378609039378
pairing,triangle_pairing_delta_3x3_D0p2_mum5_b4,energy_density,6,-0.011637074555162377
pairing,triangle_pairing_delta_3x3_D0p2_mum5_b4,energy_density,7,-0.011636726980988853
pairing,triangle_pairing_delta_3x3_D0p2_mum5_b4,energy_density,8,-0.011641044491589135
pairing,triangle_pairing_delta_3x3_D0p2_mum5_b4,energy_density,9,-0.011638636833567055
pairing,triangle_pairing_delta_3x3_D0p2_mum5_b4,S_SF_K,0,0.00038460230013983643
pairing,triangle_pairing_delta_3x3_D0p2_mum5_b4,S_SF_K,1,0.0003841638559572271
pairing,triangle_pairing_delta_3x3_D0p2_mum5_b4,S_SF_K,2,0.00038367994969933626
pairing,triangle_pairing_delta_3x3_D0p2_mum5_b4,S_SF_K,3,0.0003842075747414846
pairing,triangle_pairing_delta_3x3_D0p2_mum5_b4,S_SF_K,4,0.00038457477926749146
pairing,triangle_pairing_delta_3x3_D0p2_mum5_b4,S_SF_K,5,0.0003839590213190346
pairing,triangle_pairing_delta_3x3_D0p2_mum5_b4,S_SF_K,6,0.0003835483969997712
pairing,triangle_pairing_delta_3x3_D0p2_mum5_b4,S_SF_K,7,0.00038350964712919786
pairing,triangle_pairing_delta_3x3_D0p2_mum5_b4,S_SF_K,8,0.0003839922969744026
pairing,triangle_pairing_delta_3x3_D0p2_mum5_b4,S_SF_K,9,0.0003837531059161298
pairing,triangle_pairing_delta_3x3_D0p2_mum5_b4,S_DW_K,0,0.0002791425154043759
pairing,triangle_pairing_delta_3x3_D0p2_mum5_b4,S_DW_K,1,0.0002789992192991191
pairing,triangle_pairing_delta_3x3_D0p2_mum5_b4,S_DW_K,2,0.00027887430681302456
pairing,triangle_pairing_delta_3x3_D0p2_mum5_b4,S_DW_K,3,0.00027902094690250004
pairing,triangle_pairing_delta_3x3_D0p2_mum5_b4,S_DW_K,4,0.0002791268966466424
pairing,triangle_pairing_delta_3x3_D0p2_mum5_b4,S_DW_K,5,0.0002789507316004244
pairing,triangle_pairing_delta_3x3_D0p2_mum5_b4,S_DW_K,6,0.0002788329752664804
pairing,triangle_pairing_delta_3x3_D0p2_mum5_b4,S_DW_K,7,0.00027881738742299673
pairing,triangle_pairing_delta_3x3_D0p2_mum5_b4,S_DW_K,8,0.00027896898397000003
pairing,triangle_pairing_delta_3x3_D0p2_mum5_b4,S_DW_K,9,0.0002788870020640573
pairing,triangle_pairing_delta_3x3_D0p25_mum5_b4,density_total,0,0.0021328446736048573
pairing,triangle_pairing_delta_3x3_D0p25_mum5_b4,density_total,1,0.002132848101031769
pairing,triangle_pairing_delta_3x3_D0p25_mum5_b4,density_total,2,0.002132029365363287
pairing,triangle_pairing_delta_3x3_D0p25_mum5_b4,density_total,3,0.0021329325345527204
pairing,triangle_pairing_delta_3x3_D0p25_mum5_b4,density_total,4,0.002134636919093857
pairing,triangle_pairing_delta_3x3_D0p25_mum5_b4,density_total,5,0.0021326413031903238
pairing,triangle_pairing_delta_3x3_D0p25_mum5_b4,density_total,6,0.002132660160436689
pairing,triangle_pairing_delta_3x3_D0p25_mum5_b4,density_total,7,0.0021342308446611
pairing,triangle_pairing_delta_3x3_D0p25_mum5_b4,density_total,8,0.002132431399872638
pairing,triangle_pairing_delta_3x3_D0p25_mum5_b4,density_total,9,0.0021336599927845538
pairing,triangle_pairing_delta_3x3_D0p25_mum5_b4,energy_density,0,-0.018209507280395512
pairing,triangle_pairing_delta_3x3_D0p25_mum5_b4,energy_density,1,-0.0182101888959205
pairing,triangle_pairing_delta_3x3_D0p25_mum5_b4,energy_density,2,-0.018206793292737562
pairing,triangle_pairing_delta_3x3_D0p25_mum5_b4,energy_density,3,-0.01821065936934834
pairing,triangle_pairing_delta_3x3_D0p25_mum5_b4,energy_density,4,-0.018217273635831997
pairing,triangle_pairing_delta_3x3_D0p25_mum5_b4,energy_density,5,-0.018208472870301626
pairing,triangle_pairing_delta_3x3_D0p25_mum5_b4,energy_density,6,-0.018209363654106667
pairing,triangle_pairing_delta_3x3_D0p25_mum5_b4,energy_density,7,-0.018215755831886254
pairing,triangle_pairing_delta_3x3_D0p25_mum5_b4,energy_density,8,-0.018208727719011976
pairing,triangle_pairing_delta_3x3_D0p25_mum5_b4,energy_density,9,-0.018213137383226555
pairing,triangle_pairing_delta_3x3_D0p25_mum5_b4,S_SF_K,0,0.0006007851589607809
pairing,triangle_pairing_delta_3x3_D0p25_mum5_b4,S_SF_K,1,0.0006008171247833423
pairing,triangle_pairing_delta_3x3_D0p25_mum5_b4,S_SF_K,2,0.0006004086599386939
pairing,triangle_pairing_delta_3x3_D0p25_mum5_b4,S_SF_K,3,0.0006009126208539202
pairing,triangle_pairing_delta_3x3_D0p25_mum5_b4,S_SF_K,4,0.0006017956692261819
pairing,triangle_pairing_delta_3x3_D0p25_mum5_b4,S_SF_K,5,0.0006006923455205156
pairing,triangle_pairing_delta_3x3_D0p25_mum5_b4,S_SF_K,6,0.0006007181834723728
pairing,triangle_pairing_delta_3x3_D0p25_mum5_b4,S_SF_K,7,0.0006015845941453182
pairing,triangle_pairing_delta_3x3_D0p25_mum5_b4,S_SF_K,8,0.0006006276398546115
pairing,triangle_pairing_delta_3x3_D0p25_mum5_b4,S_SF_K,9,0.0006012470116103899
pairing,triangle_pairing_delta_3x3_D0p25_mum5_b4,S_DW_K,0,0.0004366675424957136
pairing,triangle_pairing_delta_3x3_D0p25_mum5_b4,S_DW_K,1,0.00043669067162576525
pairing,triangle_pairing_delta_3x3_D0p25_mum5_b4,S_DW_K,2,0.00043655928074801034
pairing,triangle_pairing_delta_3x3_D0p25_mum5_b4,S_DW_K,3,0.00043670129598034544
pairing,triangle_pairing_delta_3x3_D0p25_mum5_b4,S_DW_K,4,0.00043696952869763103
pairing,triangle_pairing_delta_3x3_D0p25_mum5_b4,S_DW_K,5,0.0004366434041713033
pairing,triangle_pairing_delta_3x3_D0p25_mum5_b4,S_DW_K,6,0.0004366534384676806
pairing,triangle_pairing_delta_3x3_D0p25_mum5_b4,S_DW_K,7,0.00043690877595156197
pairing,triangle_pairing_delta_3x3_D0p25_mum5_b4,S_DW_K,8,0.0004366248355005386
pairing,triangle_pairing_delta_3x3_D0p25_mum5_b4,S_DW_K,9,0.0004368059926710429
pairing,triangle_pairing_delta_3x3_D0p3_mum5_b4,density_total,0,0.0030758167679042084
pairing,triangle_pairing_delta_3x3_D0p3_mum5_b4,density_total,1,0.003079022487788435
pairing,triangle_pairing_delta_3x3_D0p3_mum5_b4,density_total,2,0.003078141502639322
pairing,triangle_pairing_delta_3x3_D0p3_mum5_b4,density_total,3,0.003078222420865536
pairing,triangle_pairing_delta_3x3_D0p3_mum5_b4,density_total,4,0.003076064919626453
pairing,triangle_pairing_delta_3x3_D0p3_mum5_b4,density_total,5,0.003078338510881058
pairing,triangle_pairing_delta_3x3_D0p3_mum5_b4,density_total,6,0.003078595738555246
pairing,triangle_pairing_delta_3x3_D0p3_mum5_b4,density_total,7,0.003077688571324933
pairing,triangle_pairing_delta_3x3_D0p3_mum5_b4,density_total,8,0.003075564429461401
pairing,triangle_pairing_delta_3x3_D0p3_mum5_b4,density_total,9,0.003076586368941351
pairing,triangle_pairing_delta_3x3_D0p3_mum5_b4,energy_density,0,-0.02625600130302817
pairing,triangle_pairing_delta_3x3_D0p3_mum5_b4,energy_density,1,-0.026270357999111805
pairing,triangle_pairing_delta_3x3_D0p3_mum5_b4,energy_density,2,-0.026266115549970312
pairing,triangle_pairing_delta_3x3_D0p3_mum5_b4,energy_density,3,-0.02626542617537121
pairing,triangle_pairing_delta_3x3_D0p3_mum5_b4,energy_density,4,-0.026257542096835534
pairing,triangle_pairing_delta_3x3_D0p3_mum5_b4,energy_density,5,-0.026266405841500796
pairing,triangle_pairing_delta_3x3_D0p3_mum5_b4,energy_density,6,-0.02626823884010127
pairing,triangle_pairing_delta_3x3_D0p3_mum5_b4,energy_density,7,-0.02626344154908549
pairing,triangle_pairing_delta_3x3_D0p3_mum5_b4,energy_density,8,-0.02625626089881849
pairing,triangle_pairing_delta_3x3_D0p3_mum5_b4,energy_density,9,-0.02625856490162108
pairing,triangle_pairing_delta_3x3_D0p3_mum5_b4,S_SF_K,0,0.0008665843435860227
pairing,triangle_pairing_delta_3x3_D0p3_mum5_b4,S_SF_K,1,0.0008685148439517153
pairing,triangle_pairing_delta_3x3_D0p3_mum5_b4,S_SF_K,2,0.0008679172372091072
pairing,triangle_pairing_delta_3x3_D0p3_mum5_b4,S_SF_K,3,0.0008679166171654865
pairing,triangle_pairing_delta_3x3_D0p3_mum5_b4,S_SF_K,4,0.000866800348917474
pairing,triangle_pairing_delta_3x3_D0p3_mum5_b4,S_SF_K,5,0.0008679647518786175
pairing,triangle_pairing_delta_3x3_D0p3_mum5_b4,S_SF_K,6,0.0008681933870430546
pairing,triangle_pairing_delta_3x3_D0p3_mum5_b4,S_SF_K,7,0.0008676449038033745
pairing,triangle_pairing_delta_3x3_D0p3_mum5_b4,S_SF_K,8,0.0008665343947489024
pairing,triangle_pairing_delta_3x3_D0p3_mum5_b4,S_SF_K,9,0.0008669709439297694
pairing,triangle_pairing_delta_3x3_D0p3_mum5_b4,S_DW_K,0,0.000630181269174816
pairing,triangle_pairing_delta_3x3_D0p3_mum5_b4,S_DW_K,1,0.0006307164079374713
pairing,triangle_pairing_delta_3x3_D0p3_mum5_b4,S_DW_K,2,0.0006305533031906355
pairing,triangle_pairing_delta_3x3_D0p3_mum5_b4,S_DW_K,3,0.0006305664667271407
pairing,triangle_pairing_delta_3x3_D0p3_mum5_b4,S_DW_K,4,0.0006302293747194538
pairing,triangle_pairing_delta_3x3_D0p3_mum5_b4,S_DW_K,5,0.0006305817046276209
pairing,triangle_pairing_delta_3x3_D0p3_mum5_b4,S_DW_K,6,0.0006306357349226214
pairing,triangle_pairing_delta_3x3_D0p3_mum5_b4,S_DW_K,7,0.0006304850653136767
pairing,triangle_pairing_delta_3x3_D0p3_mum5_b4,S_DW_K,8,0.0006301523252701899
pairing,triangle_pairing_delta_3x3_D0p3_mum5_b4,S_DW_K,9,0.000630300090086914
